{
	"#100": {
		"data_mean": 690615.6421317139,
		"data_std": 553088.9514329204
	},
	"#2500": {
		"data_mean": 86601.28426342791,
		"data_std": 87029.0519884943
	},
	"#5000": {
		"data_mean": 36521.57857815936,
		"data_std": 23669.63777408774
	},
	"#10000": {
		"data_mean": 24481.77991833316,
		"data_std": 15042.124447461543
	},
	"#25000": {
		"data_mean": 16922.187100827137,
		"data_std": 10824.603030128113
	},
	"#50000": {
		"data_mean": 12244.101245942833,
		"data_std": 8804.625094837273
	}
}